序号,异常行为分类,,,,,可选风险等级,排查阶段,,核实阶段
,员工异常行为分类,员工异常行为小类,员工异常行为标签,备注说明,分类,,个人排查,部门排查,
1,违法犯罪类,黄赌毒类,直接、间接或涉嫌参与嫖娼等色情类活动,,违规行为/可疑/异常行为,高/较高,个人异常行为事项报送及签署授权书,根据《公安机关办理犯罪记录查询工作规定》，单位可查询本单位在职人员或者拟招录人员的犯罪记录。,被查询人提供个人《有无违法犯罪记录证明》来证明。
2,违法犯罪类,黄赌毒类,直接、间接或涉嫌参与赌博类活动,包括参与赌博、网络赌球、购买私彩等各种形式的赌博类行为,违规行为/可疑/异常行为,高/较高,个人异常行为事项报送及签署授权书,根据《公安机关办理犯罪记录查询工作规定》，单位可查询本单位在职人员或者拟招录人员的犯罪记录。,被查询人提供个人《有无违法犯罪记录证明》来证明。
3,违法犯罪类,黄赌毒类,直接、间接或涉嫌参与毒品相关活动,,违规行为/可疑/异常行为,高/较高,个人异常行为事项报送及签署授权书,根据《公安机关办理犯罪记录查询工作规定》，单位可查询本单位在职人员或者拟招录人员的犯罪记录。,被查询人提供个人《有无违法犯罪记录证明》来证明。
4,违法犯罪类,法律程序及信用类,被公安、司法机关依法传唤、询问或调查取证,包含原因、情节尚不明的,违规行为/可疑/异常行为,高/较高/中,个人异常行为事项报送及签署授权书,根据《公安机关办理犯罪记录查询工作规定》，单位可查询本单位在职人员或者拟招录人员的犯罪记录。,被查询人提供个人《有无违法犯罪记录证明》来证明。
5,违法犯罪类,法律程序及信用类,涉嫌或直接卷入刑事案件,,违规行为/可疑/异常行为,高/较高,个人异常行为事项报送及签署授权书,根据《公安机关办理犯罪记录查询工作规定》，单位可查询本单位在职人员或者拟招录人员的犯罪记录。,被查询人提供个人《有无违法犯罪记录证明》来证明。
6,违法犯罪类,法律程序及信用类,涉嫌或直接卷入民事诉讼、经济纠纷等法律程序,,违规行为/可疑/异常行为,高/较高/中,个人异常行为事项报送及签署授权书,通过“中国裁判文书网”和“中国执行信息公开网”查看诉讼记录、执行案件信息,被查询人提供无官司证明
7,违法犯罪类,法律程序及信用类,被监管机构和人行通报批评或列入黑/灰名单的,,违规行为,高/较高,个人异常行为事项报送及签署授权书,定期获取人行通报批评名单、黑名单、灰名单,定期获取人行通报批评名单、黑名单、灰名单
8,违法犯罪类,公共安全秩序类,被公安机关给予行政拘留等各类行政处罚,,违规行为,高/较高/中,个人异常行为事项报送及签署授权书,根据《公安机关办理犯罪记录查询工作规定》，单位可查询本单位在职人员或者拟招录人员的犯罪记录。,被查询人提供个人《有无违法犯罪记录证明》来证明。
9,违法犯罪类,公共安全秩序类,参与“传销”等违法活动,,违规行为,高/较高,个人异常行为事项报送及签署授权书,根据《公安机关办理犯罪记录查询工作规定》，单位可查询本单位在职人员或者拟招录人员的犯罪记录。,被查询人提供个人《有无违法犯罪记录证明》来证明。
10,违法犯罪类,公共安全秩序类,酒驾、醉驾,,违规行为,高/较高,个人异常行为事项报送及签署授权书,根据《公安机关办理犯罪记录查询工作规定》，单位可查询本单位在职人员或者拟招录人员的犯罪记录。,被查询人提供个人《有无违法犯罪记录证明》来证明。
11,违法犯罪类,公共安全秩序类,直接、变相或涉嫌参与黑社会、邪教、恐怖组织、分裂主义组织等非法组织及活动,,违规行为,高/较高,个人异常行为事项报送及签署授权书,根据《公安机关办理犯罪记录查询工作规定》，单位可查询本单位在职人员或者拟招录人员的犯罪记录。,被查询人提供个人《有无违法犯罪记录证明》来证明。
12,违法犯罪类,公共安全秩序类,直接或间接参与恐怖融资等行为,,违规行为,高/较高,个人异常行为事项报送及签署授权书,根据《公安机关办理犯罪记录查询工作规定》，单位可查询本单位在职人员或者拟招录人员的犯罪记录。,被查询人提供个人《有无违法犯罪记录证明》来证明。
13,违法犯罪类,经济金融类,直接、间接或涉嫌参与“洗钱”等违法活动,,违规行为/可疑/异常行为,高/较高/中,个人异常行为事项报送及签署授权书,根据《公安机关办理犯罪记录查询工作规定》，单位可查询本单位在职人员或者拟招录人员的犯罪记录。,被查询人提供个人《有无违法犯罪记录证明》来证明。
14,违法犯罪类,经济金融类,直接、间接或涉嫌参与非法集资,,违规行为/可疑/异常行为,高/较高/中,个人异常行为事项报送及签署授权书,通过法院“被执行人信息平台”和“中国执行信息公开网”查看失信人名单,被查询人可提供个人征信报告
15,违法犯罪类,经济金融类,直接、间接或涉嫌参与违规担保,,违规行为/可疑/异常行为,高/较高/中,个人异常行为事项报送及签署授权书,通过法院“被执行人信息平台”和“中国执行信息公开网”查看失信人名单,被查询人可提供个人征信报告
16,违法犯罪类,经济金融类,直接、间接或涉嫌参与高利放贷,,违规行为/可疑/异常行为,高/较高/中,个人异常行为事项报送及签署授权书,通过法院“被执行人信息平台”和“中国执行信息公开网”查看失信人名单,被查询人可提供个人征信报告
17,违法犯罪类,经济金融类,涉嫌诈骗,,违规行为/可疑/异常行为,高/较高/中,个人异常行为事项报送及签署授权书,根据《公安机关办理犯罪记录查询工作规定》，单位可查询本单位在职人员或者拟招录人员的犯罪记录。,被查询人提供个人《有无违法犯罪记录证明》来证明。
18,违法犯罪类,经济金融类,涉嫌盗窃公、私财物,,违规行为/可疑/异常行为,高/较高/中,个人异常行为事项报送及签署授权书,根据《公安机关办理犯罪记录查询工作规定》，单位可查询本单位在职人员或者拟招录人员的犯罪记录。,被查询人提供个人《有无违法犯罪记录证明》来证明。
19,违法犯罪类,经济金融类,私设小金库或账外账，开展账外经营活动,,违规行为,高/较高/中,个人异常行为事项报送及签署授权书,"1.突击检查银行内部现金库存，核对账面记录与实际现金是否一致；
2.核查银行账户；
3. 票据审查：检查行内使用的各类票据，核实其编号是否连续，是否存在缺号、涂改等现象。作废票据应盖有“作废”戳记，联次齐全。将有效票据金额与账面收入核对，发现差异需进一步调查。  
4. 资产处置情况审查：审查银行固定资产的出租、报废、转让等情况，核实相关收入是否全部入账。 
5.查阅会议记录和工作总结：审阅行内会议纪要和工作总结，了解是否有涉及资金安排的决策。对未在账面反映但实际使用的资金，追溯其来源，查找可能的“小金库”线索。 
6.追查专项资金去向：审查银行管理的各类专项资金，核实其使用是否符合规定用途，是否存在虚构项目、虚列支出等套取资金设立“小金库”的行为。  
7.现场勘查：实地察看银行办公场所，了解是否存在未在账面反映的经营活动，如房屋出租、广告设施等，判断是否有账外收入。  ","1.核实资金流向：核对员工及其关联账户的交易流水，关注异常大额资金流动或频繁的小额转账。
2.寻找业务相关证据：检查相关票据、审批记录、发票和外部账户，确认资金去向是否与业务无关。
3.询问当事人：与员工沟通，了解清楚资金来源和用途，看是否有合理解释。
4.核对外部信息：通过工商信息或第三方调查，查员工或家人是否经营公司，与资金流动相关。
5.形成证据链：把资金、交易和员工行为串联起来，形成完整的证据链，直接证明违规行为。"
20,违法犯罪类,经济金融类,以各类非法手段催收贷款,非法手段包括但不限于：故意伤害、非法拘禁、侮辱、恐吓、威胁、骚扰等,违规行为,高/较高/中,个人异常行为事项报送及签署授权书,根据《公安机关办理犯罪记录查询工作规定》，单位可查询本单位在职人员或者拟招录人员的犯罪记录。,被查询人提供个人《有无违法犯罪记录证明》来证明。
21,违法犯罪类,数据隐私类,未经授权查阅、下载、保管、变更、删除客户信息,,违规行为,高/较高/中,个人异常行为事项报送及签署授权书,定期对行内系统进行系统审计和日志审查，重点监控涉及客户信息的账户异常行为，并监控未成功的登录尝试。,通过审计日志和监控系统追踪和分析员工对客户信息的访问和操作行为，对疑似违规行为进行员工面谈等进一步调查。
22,违法犯罪类,数据隐私类,出售客户信息,包括通过此类行为谋取非法利益的情况,违规行为,高/较高/中,个人异常行为事项报送及签署授权书,"1.定期对行内系统进行系统审计和日志审查，重点监控员工是否大量查询、下载、调用客户信息及客户征信报告等；
2.定期排查员工个人账户，监测是否有异常大额入账，陌生交易对手入账等异常交易行为；
3.定期对员工的邮件往来进行审计，排查是否含有大量敏感客户信息的邮件转出至行外地址邮箱。",与员工本人沟通，核实是否存在排查出的可疑行为，并明确其行为原因。被检查人需提供详细明确的说明，充分解释其异常行为的合理性。
23,违法犯罪类,数据隐私类,泄露客户信息,包括受雇期间或离职后未遵守保密规定，导致客户信息泄露的情况，或通过此类行为谋取非法利益,违规行为,高/较高/中,个人异常行为事项报送及签署授权书,"1.定期对行内系统进行系统审计和日志审查，重点监控员工是否大量查询、下载、调用客户信息及客户征信报告等；
2.定期排查员工个人账户，监测是否有异常大额入账，陌生交易对手入账等异常交易行为；
3.定期对员工的邮件往来进行审计，排查是否含有大量敏感客户信息的邮件转出至行外地址邮箱；
4.定期获取人行或其他监管机构发布的处置名单、黑、灰名单，筛选其中与泄露信息相关的名单进行逐一排查。",与员工本人沟通，核实是否存在排查出的可疑行为，并明确其行为原因。被检查人需提供详细明确的说明，充分解释其异常行为的合理性。
24,违法犯罪类,数据隐私类,泄露银行内部保密信息,包括但不限于外泄露银行的商业机密、技术信息、数据、公文、报表、电子文档、视频影像等未公开信息，或通过此类行为谋取非法利益,违规行为,高/较高/中,个人异常行为事项报送及签署授权书,"1.定期对行内系统进行系统审计和日志审查，重点监控涉及行内保密信息的账户异常行为（例如：大量下载、调阅、检索的信息为行内保密信息），并监控未成功的登录尝试。；
2.定期排查员工个人账户，监测是否有异常大额入账，陌生交易对手入账等异常交易行为；
3.定期对员工的邮件往来进行审计，排查是否含有大量敏感行内信息的邮件转出至行外地址邮箱;
4.定期分析员工的工作表现和业务质量，注意个人业绩指标和考勤情况的异常波动，是泄露信息的预警信号；
5.定期获取人行或其他监管机构发布的处置名单、黑、灰名单，筛选其中与泄露信息相关的名单进行逐一排查。",与员工本人沟通，核实是否存在排查出的可疑行为，并明确其行为原因。被检查人需提供详细明确的说明，充分解释其异常行为的合理性。
25,违法犯罪类,数据隐私类,违规披露监管秘密信息,未经监管部门允许，泄露监管工作秘密信息，向社会、单位或个人披露不应公开的监管内容,违规行为,高/较高/中,个人异常行为事项报送及签署授权书,"1.定期对行内系统进行系统审计和日志审查，重点监控涉及行内保密信息的账户异常行为（例如：大量下载、调阅、检索的信息为行内保密信息），并监控未成功的登录尝试。；
2.定期排查员工个人账户，监测是否有异常大额入账，陌生交易对手入账等异常交易行为；
3.定期对员工的邮件往来进行审计，排查是否含有大量敏感行内信息的邮件转出至行外地址邮箱;
4.定期分析员工的工作表现和业务质量，注意个人业绩指标和考勤情况的异常波动，是泄露信息的预警信号；
5.定期获取人行或其他监管机构发布的处置名单、黑、灰名单，筛选其中与泄露信息相关的名单进行逐一排查。",与员工本人沟通，核实是否存在排查出的可疑行为，并明确其行为原因。被检查人需提供详细明确的说明，充分解释其异常行为的合理性。
26,违法犯罪类,经济金融类,内幕交易、违规泄露内幕信息,未遵守禁止内幕交易的规定，以明示或暗示的形式违规泄露内幕信息，利用内幕信息牟取个人利益或基于内幕信息为他人提供理财或投资方面的建议,违规行为,高/较高/中/较低,个人异常行为事项报送及签署授权书,"1. 排查员工账户交易记录，寻找在内幕信息敏感期内是否有异常交易行为，如新开户交易、大额交易激增、首次交易某股票等；
2. 定期检查通讯记录，调查员工与疑似内幕信息知情人之间的通讯记录，包括电话、邮件、短信、微信等，以确定是否存在内幕信息的传递；
3. 定期审查员工账户的资金流动情况，包括资金来源、流向和使用情况。",与员工本人沟通，核实是否存在排查出的可疑行为，并明确其行为原因。被检查人需提供详细明确的说明，充分解释其异常行为的合理性。
27,违法犯罪类,经济金融类,隐匿、纵容、包庇客户,协助客户隐匿、转移资产等各项隐瞒、纵容和包庇客户的违法违规行为,违规行为,中/较低/低,个人异常行为事项报送及签署授权书,"1. 定期监控员工的邮件和信息系统访问记录，查找异常行为或未授权的信息访问；
2.定期监控员工的业务表现情况，分析员工的工作表现和业务质量，注意个人业绩指标和考勤情况的异常波动，这些可能是包庇、隐匿等的预警信号；
3.定期审查员工账户的资金流动情况，包括资金来源、流向和使用情况，关注异常交易情况，例如大额转入转出，交易对手为客户账户等情况；
4. 在数据安全合规的前提下调查员工与客户的通讯记录，包括电话、邮件、短信、微信等，以确定是否存在不当沟通或信息传递。",与员工本人沟通，核实是否存在排查出的可疑行为，并明确其行为原因。被检查人需提供详细明确的说明，充分解释其异常行为的合理性。
28,违法犯罪类,经济金融类,利用职务便利索取、收受回扣,,违规行为,高/较高/中,个人异常行为事项报送及签署授权书,排查员工账户的交易情况，包括但不限于交易对手是否有个人、公司客户，可疑陌生入账、大额入账等交易异常行为。,与员工本人沟通，核实是否存在排查出的可疑行为，并明确其行为原因。被检查人需提供详细明确的说明，充分解释其异常行为的合理性。
29,违法犯罪类,经济金融类,涉嫌利用职务之便为自己或特定关系人谋取利益的,例如：以减免费用、提供合作项目等好处为交换，要求客户或服务合作对象为个人谋取利益提供便利,违规行为,较高/中/较低,个人异常行为事项报送及签署授权书,"1. 定期排查员工与其亲属的银行交易记录，关注异常交易或不寻常的资金流动；
2. 结合行内审计、内控等相关信息，获取相关异常行为的员工名单。",定期检查利益冲突申报，核实可疑员工是否按规定申报了与职务相关的个人或家庭利益冲突；与员工本人沟通，核实是否存在排查出的可疑行为，并明确其行为原因。被检查人需提供详细明确的说明，充分解释其异常行为的合理性。
30,违法犯罪类,经济金融类,收受或索取下属、相关方提供的财物,收受或索取具有上下级关系的下属或者具有行政管理关系的被管理人员、客户、供应商、竞争对手、服务管理对象等相关方提供的礼品、礼金、会员卡、商业预付卡、电子红包、代币购物券（卡）、有价证券等财物未及时上交，以及各类涉嫌收取财物的行为,违规行为,高/较高/中,个人异常行为事项报送及签署授权书,"1.排查员工账户，监测交易异常行为，重点关注是否与客户进行资金往来、账户交易频繁或转账金额较大等异常情况；
2.结合行内审计、内控等相关信息，获取相关异常行为的员工名单；
3.获取举报名单，筛选相关异常行为的员工名单。",与员工本人沟通，核实是否存在排查出的可疑行为，并明确其行为原因。被检查人需提供详细明确的说明，充分解释其异常行为的合理性。
31,违法犯罪类,经济金融类,接受下属、相关方可能影响履职尽责的各类活动安排,索取或接受具有上下级关系的下属或者具有行政管理关系的被管理人员、客户、供应商、竞争对手、服务管理对象等相关方提供的可能影响履职尽责的宴请、赞助、休闲娱乐、旅游、健身、美容服务、培训考察等活动安排,违规行为,较高/中/较低,个人异常行为事项报送及签署授权书,"1.排查员工账户，监测交易异常行为，重点关注是否与客户进行资金往来、账户交易频繁或转账金额较大，以及交易备注中是否含有相关风险关键字，交易对手名称是否有敏感字段等异常情况；
2.结合行内审计、内控等相关信息，获取相关异常行为的员工名单；
3.获取举报名单，筛选相关异常行为的员工名单。",与员工本人沟通，核实是否存在排查出的可疑行为，并明确其行为原因。被检查人需提供详细明确的说明，充分解释其异常行为的合理性。
32,违法犯罪类,经济金融类,接受相关方代为报销个人费用,,违规行为,较高/中/较低,个人异常行为事项报送及签署授权书,"1.排查员工账户，监测交易异常行为，重点关注是否与客户进行资金往来、账户交易频繁或转账金额较大，以及交易备注中是否含有相关风险关键字，交易对手名称是否有敏感字段等异常情况；
2.结合行内审计、内控等相关信息，获取相关异常行为的员工名单；
3.获取举报名单，筛选相关异常行为的员工名单。",与员工本人沟通，核实是否存在排查出的可疑行为，并明确其行为原因。被检查人需提供详细明确的说明，充分解释其异常行为的合理性。
33,违法犯罪类,经济金融类,以不符合市场公允价格向相关方买卖、租赁房屋、汽车等物品,,违规行为,中/较低/低,个人异常行为事项报送及签署授权书,"1. 结合行内审计、内控合规等数据信息，获取相关异常行为的员工名单；
2. 获取举报名单，筛选相关异常行为的员工名单。",与员工本人沟通，核实是否存在排查出的可疑行为，并明确其行为原因。被检查人需提供详细明确的说明，充分解释其异常行为的合理性。
34,违法犯罪类,经济金融类,公车私用、私车公养，因公使用的我行器材、设施等作私人用途,,违规行为,中/较低/低,个人异常行为事项报送及签署授权书,"1. 结合行内审计、内控合规等数据信息，获取相关异常行为的员工名单；
2. 获取举报名单，筛选相关异常行为的员工名单。",与员工本人沟通，核实是否存在排查出的可疑行为，并明确其行为原因。被检查人需提供详细明确的说明，充分解释其异常行为的合理性。
35,违法犯罪类,经济金融类,非法占有客户资金,挪用客户委办业务款项，或有应退还不退还行为等利用工作便利侵吞、窃取、骗取、贪污、挪用、私分或其他非法手段占有客户资金,违规行为,高/较高/中,个人异常行为事项报送及签署授权书,"1.排查员工账户，监测交易异常行为，重点关注是否与客户进行资金往来、账户交易频繁或转账金额较大，以及交易备注中是否含有相关风险关键字，交易对手名称是否有敏感字段等异常情况；
2.结合行内审计、内控等相关信息，获取相关异常行为的员工名单；
3.获取举报名单，筛选相关异常行为的员工名单。",与员工本人沟通，核实是否存在排查出的可疑行为，并明确其行为原因。被检查人需提供详细明确的说明，充分解释其异常行为的合理性。
36,违法犯罪类,经济金融类,非法占有本行资金,个人因公务需要掌握的银行经费（包括利息等盈余），作私人用途，或用公款支付应当由本人或亲友个人支付的费用，公款相互宴请或赠送礼品，公款旅游等利用工作便利侵吞、窃取、骗取、贪污、挪用、私分或其他非法手段占有本行资金,违规行为,高/较高/中,个人异常行为事项报送及签署授权书,"1. 结合行内审计信息，关注是否有超标准、超范围使用资金，公款报销私人费用、公款旅游或其他违反规定公款消费的情况
2.筛查员工的银行账户和交易记录，分析是否存在异常的资金流动或不寻常的资产增加；
3.获取举报名单，筛选相关异常行为的员工名单。",与员工本人沟通，核实是否存在排查出的可疑行为，并明确其行为原因。被检查人需提供详细明确的说明，充分解释其异常行为的合理性。
37,违法犯罪类,经济金融类,利用职务便利实施伪造信用卡,,违规行为,高/较高/中,个人异常行为事项报送及签署授权书,"1. 结合行内审计、反欺诈系统提供的信息，关注是否有不合理的账目和资金流动，是否有伪造的交易记录或异常的信用卡开户情况。
2. 根据《公安机关办理犯罪记录查询工作规定》，单位可查询本单位在职人员或者拟招录人员的犯罪记录。",被查询人提供个人《有无违法犯罪记录证明》来证明。
38,违法犯罪类,经济金融类,信用卡非法套现,,违规行为,高/较高/中/较低,个人异常行为事项报送及签署授权书,"1.监控员工信用卡交易情况，重点关注频繁、大额交易、非正常时间的交易、或者交易模式与持卡人正常消费习惯不符的情况；
2. 根据《公安机关办理犯罪记录查询工作规定》，单位可查询本单位在职人员或者拟招录人员的犯罪记录。",被查询人提供个人《有无违法犯罪记录证明》来证明。
39,违法犯罪类,经济金融类,利用职务便利实施滥发信用卡,,违规行为,高/较高/中/较低,个人异常行为事项报送及签署授权书,"1.监控审批速度、客户风险比例、重复申请情况；
2.针对重点业务岗位和高风险人员进行专项检查；
3.结合行内审计、内控合规提供的信息，获取相关异常员工名单。",与员工本人沟通，核实是否存在排查出的可疑行为，并明确其行为原因。被检查人需提供详细明确的说明，充分解释其异常行为的合理性。
40,违法犯罪类,经济金融类,伪造或参与伪造票据发票,提供没有真实交易背景或虚假票据，或伪造、虚开发票报销等,违规行为,高/较高/中,个人异常行为事项报送及签署授权书,"1. 结合行内审计、反欺诈系统提供的信息，获取相关异常员工名单。
2. 根据《公安机关办理犯罪记录查询工作规定》，单位可查询本单位在职人员或者拟招录人员的犯罪记录。",与员工本人沟通，核实是否存在排查出的可疑行为，并明确其行为原因。被检查人需提供详细明确的说明，充分解释其异常行为的合理性。
41,违法犯罪类,经济金融类,伪造或参与伪造信贷业务资料,,违规行为,高/较高/中,个人异常行为事项报送及签署授权书,"1. 结合行内审计、反欺诈系统提供的信息，获取相关异常员工名单。
2. 根据《公安机关办理犯罪记录查询工作规定》，单位可查询本单位在职人员或者拟招录人员的犯罪记录。",与员工本人沟通，核实是否存在排查出的可疑行为，并明确其行为原因。被检查人需提供详细明确的说明，充分解释其异常行为的合理性。
42,违法犯罪类,经济金融类,伪造或参与伪造合同,,违规行为,高/较高/中,个人异常行为事项报送及签署授权书,"1. 结合行内审计、反欺诈系统提供的信息，获取相关异常员工名单。
2. 根据《公安机关办理犯罪记录查询工作规定》，单位可查询本单位在职人员或者拟招录人员的犯罪记录。",与员工本人沟通，核实是否存在排查出的可疑行为，并明确其行为原因。被检查人需提供详细明确的说明，充分解释其异常行为的合理性。
43,违法犯罪类,经济金融类,私刻使用印章,,违规行为,高/较高/中,个人异常行为事项报送及签署授权书,定期进行印章使用的监督检查，包括对印章保管、使用情况的现场检查，获取违规使用印章的相关异常员工名单。,与员工本人沟通，核实是否存在排查出的可疑行为，并明确其行为原因。被检查人需提供详细明确的说明，充分解释其异常行为的合理性。
44,违法犯罪类,经济金融类,违规出借营业或办公场所开展非法金融业务,,违规行为,高/较高,个人异常行为事项报送及签署授权书,"1.调取监控记录，监控是否存在员工允许未授权人员随意进出和使用等异常情况；
2. 结合行内审计、内控、 安保相关信息，获取相关异常员工名单。",与员工本人沟通，核实是否存在排查出的可疑行为，并明确其行为原因。被检查人需提供详细明确的说明，充分解释其异常行为的合理性。
45,违法犯罪类,经济金融类,出租出借同业账户,,违规行为,高/较高/中,个人异常行为事项报送及签署授权书,结合行内审计信息，检查同业账户的开立、使用、变更和撤销情况，获取相关异常员工名单。,与员工本人沟通，核实是否存在排查出的可疑行为，并明确其行为原因。被检查人需提供详细明确的说明，充分解释其异常行为的合理性。
46,违法犯罪类,公共安全秩序类,参与其他违反社会公德和妨碍社会管理秩序的活动,,违规行为,高/较高/中/较低,个人异常行为事项报送及签署授权书,根据《公安机关办理犯罪记录查询工作规定》，单位可查询本单位在职人员或者拟招录人员的犯罪记录。,被查询人提供个人《有无违法犯罪记录证明》来证明。
47,违法犯罪类,其他违法犯罪类,存在其他违法犯罪等不良行为,,违规行为,高/较高/中,个人异常行为事项报送及签署授权书,根据《公安机关办理犯罪记录查询工作规定》，单位可查询本单位在职人员或者拟招录人员的犯罪记录。,被查询人提供个人《有无违法犯罪记录证明》来证明。
48,违法犯罪类,法律程序及信用类,被公安司法机关列入失信人员等黑名单,,违规行为,高/较高/中,个人异常行为事项报送及签署授权书,"1. 外部征信数据获取行内员工失信人员名单；
2. 定期登录中国执行信息公开网 (court.gov.cn)，点击“综合查询被执行人”或“失信被执行人”进行查询。",登录中国执行信息公开网 (court.gov.cn)，点击“综合查询被执行人”或“失信被执行人”进行查询。输入员工的姓名和身份证号码，选择执行法院范围，即可查询是否为失信人员。
49,经济行为类,个人交易异常,利用个人消费贷款进行违规投资,个人贷款例如住房、汽车贷款等,违规行为,高/较高/中/较低,个人异常行为事项报送及签署授权书,通过规则定期排查员工账户的交易情况，包括交易金额、交易对手、交易频率、交易备注信息等数据，形成异常员工行为名单。,与员工本人沟通，核实是否存在排查出的可疑行为，并明确其行为原因。被检查人需提供详细明确的说明，充分解释其异常行为的合理性。
50,经济行为类,个人交易异常,有与本人收入明显不符的风险投资活动情况,风险投资活动包括：大额炒股、炒期货、炒外汇、买卖基金等,可疑/异常行为,中/较低/低,个人异常行为事项报送及签署授权书,通过法院“被执行人信息平台”和“中国执行信息公开网”查看失信人名单,被查询人可提供个人征信报告
51,经济行为类,个人交易异常,消费与个人及家庭收入明显不符,例如：经常出入高消费场所等（当前规则仅支持信用卡消费的判定）,可疑/异常行为,中/较低/低,个人异常行为事项报送及签署授权书,通过法院“被执行人信息平台”和“中国执行信息公开网”查看失信人名单,被查询人可提供个人征信报告
52,经济行为类,个人交易异常,员工频繁进行个人账户大额现金存取,"例如：
1. 存在大额现金异常存取、大额人民币异常划转情况
2.在自助设备上按照取现标准限额频繁支取现金
3.体现时间多数选择在银行营业点下班后，或直接凌晨前后进行取现，方便连续提取两天的单卡取现额度
4.银行卡在境外自助设备上按照取额标准限额频发支取现金",可疑/异常行为,中/较低/低,个人异常行为事项报送及签署授权书,"1. 存在大额现金异常存取、大额人民币异常划转情况
2.在自助设备上按照取现标准限额频繁支取现金
3.体现时间多数选择在银行营业点下班后，或直接凌晨前后进行取现，方便连续提取两天的单卡取现额度
4.银行卡在境外自助设备上按照取额标准限额频发支取现金",与员工本人沟通，核实是否存在排查出的可疑行为，并明确其行为原因。被检查人需提供详细明确的说明，充分解释其异常行为的合理性。
53,经济行为类,个人交易异常,在不合理时间进行高频、大额交易,"1）不合理时间：如在24：00-4：00之间
2）消费笔数>=3
3）消费金额>=10000",可疑/异常行为,中/较低/低,个人异常行为事项报送及签署授权书,"1）不合理时间：如在24：00-4：00之间
2）消费笔数>=3
3）消费金额>=10000",与员工本人沟通，核实是否存在排查出的可疑行为，并明确其行为原因。被检查人需提供详细明确的说明，充分解释其异常行为的合理性。
54,经济行为类,个人交易异常,员工个人账户短时间内交易金额大,"每月大于5万的转账发生3次（含）以上；
或近30天平均交易金额与平常发生较大出入等。",可疑/异常行为,中/较低/低,个人异常行为事项报送及签署授权书,"每月大于5万的转账发生3次（含）以上；
或近30天平均交易金额与平常发生较大出入等。",与员工本人沟通，核实是否存在排查出的可疑行为，并明确其行为原因。被检查人需提供详细明确的说明，充分解释其异常行为的合理性。
55,经济行为类,个人交易异常,员工个人账户短时间内交易对手多,（近30天）交易对手数较多，或陌生交易对手数与平常发生较大出入等。,可疑/异常行为,中/较低/低,个人异常行为事项报送及签署授权书,（近30天）交易对手数较多，或陌生交易对手数与平常发生较大出入等。,与员工本人沟通，核实是否存在排查出的可疑行为，并明确其行为原因。被检查人需提供详细明确的说明，充分解释其异常行为的合理性。
56,经济行为类,个人交易异常,员工个人账户短时间内交易次数多,例如： 每月员工转账交易（借贷双方）对手累计50次以上；包括网银、第三方平台等渠道。,可疑/异常行为,中/较低/低,个人异常行为事项报送及签署授权书,例如每月员工转账交易（借贷双方）对手累计50次以上；包括网银、第三方平台等渠道。,与员工本人沟通，核实是否存在排查出的可疑行为，并明确其行为原因。被检查人需提供详细明确的说明，充分解释其异常行为的合理性。
57,经济行为类,个人交易异常,行内员工之间发生大额频繁资金交易,大额借贷指>=1万元（模型与本口径不一致，改版中）,可疑/异常行为,中/较低/低,个人异常行为事项报送及签署授权书,通过排查员工账户的交易对手，筛选出交易对手为行内员工的员工名单。,谈话谈心，了解具体情况及事由，与交易双方进行核实确认
58,经济行为类,个人交易异常,上下级之间不正当交易往来,,违规行为,高/较高/中/较低,个人异常行为事项报送及签署授权书,通过排查员工账户的交易对手，筛选出交易对手为行内员工且为上下级的员工名单。,谈话谈心，了解具体情况及事由，与交易双方进行核实确认
59,经济行为类,个人交易异常,员工私自出借信用卡,,违规行为,中/较低/低,个人异常行为事项报送及签署授权书,"1. 可对员工持有的信用卡张数、额度等情况进行摸底排查，要求员工打印信用卡账户明细和个人征信报告，通过账户明细和征信报告相结合的排查方式进行比对排查；
2. 可要求员工向支行报备名下账户及开通电子银行数量情况，各部门网点负责人逐人排查员工个人账户及网银使用情况，并形成异常员工名单；
3. 结合行内审计信息，获取相关异常员工名单。",与员工本人沟通，核实是否存在排查出的可疑行为，并明确其行为原因。被检查人需提供详细明确的说明，充分解释其异常行为的合理性。
60,经济行为类,个人交易异常,员工小额测试后频繁发生大规模交易,,可疑/异常行为,中/较低/低,个人异常行为事项报送及签署授权书,排查员工账户的交易异常情况，重点关注员工在短时间内是否发生先小额、后大额交易的情况，整理发生此类情况的员工名单。,与员工本人沟通，核实是否存在排查出的可疑行为，并明确其行为原因。被检查人需提供详细明确的说明，充分解释其异常行为的合理性。
61,经济行为类,个人交易异常,员工个人账户资金呈现过渡性质,过渡性质的呈现包括快进快出、余额较低次数较多、分散转入分散转出、分散转入集中转出、集中转入分散转出等。,可疑/异常行为,中/较低/低,个人异常行为事项报送及签署授权书,监控员工账户的交易异常情况，重点关注账户是否为过渡性质，包括快进快出、余额较低次数较多、分散转入分散转出、分散转入集中转出、集中转入分散转出等。,与员工本人沟通，核实是否存在排查出的可疑行为，并明确其行为原因。被检查人需提供详细明确的说明，充分解释其异常行为的合理性。
62,经济行为类,个人交易异常,员工个人账户交易备注包含明显特殊敏感字眼,,可疑/异常行为,中/较低/低,个人异常行为事项报送及签署授权书,通过规则定期排查员工账户的交易情况，包括交易金额、交易对手、交易频率、交易备注信息等数据，形成异常员工行为名单。,与员工本人沟通，核实是否存在排查出的可疑行为，并明确其行为原因。被检查人需提供详细明确的说明，充分解释其异常行为的合理性。
63,经济行为类,个人交易异常,员工个人账户多笔交易金额一致或相近,,可疑/异常行为,中/较低/低,个人异常行为事项报送及签署授权书,通过规则定期排查员工账户的交易情况，包括交易金额、交易对手、交易频率等数据，形成异常员工行为名单。,与员工本人沟通，核实是否存在排查出的可疑行为，并明确其行为原因。被检查人需提供详细明确的说明，充分解释其异常行为的合理性。
64,经济行为类,个人交易异常,员工个人账户多笔交易金额意图规避大额审查,例如：贴近五万整额，或频繁出现带特定尾数的金额,可疑/异常行为,中/较低/低,个人异常行为事项报送及签署授权书,排查员工账户的交易金额规模，重点关注贴近五万整额，或频繁出现带特定尾数的金额的员工。,与员工本人沟通，核实是否存在排查出的可疑行为，并明确其行为原因。被检查人需提供详细明确的说明，充分解释其异常行为的合理性。
65,经济行为类,个人交易异常,员工个人账户频繁、大额跨行进账与出账,,可疑/异常行为,中/较低/低,个人异常行为事项报送及签署授权书,通过规则定期排查员工账户的交易情况，包括交易金额、交易对手、交易频率等数据，形成异常员工行为名单。,与员工本人沟通，核实是否存在排查出的可疑行为，并明确其行为原因。被检查人需提供详细明确的说明，充分解释其异常行为的合理性。
66,经济行为类,个人交易异常,员工与同一商户高频、大额或整额交易,,可疑/异常行为,中/较低/低,个人异常行为事项报送及签署授权书,通过规则定期排查员工账户的交易情况，包括交易金额、交易对手、交易频率等数据，形成异常员工行为名单。,与员工本人沟通，核实是否存在排查出的可疑行为，并明确其行为原因。被检查人需提供详细明确的说明，充分解释其异常行为的合理性。
67,经济行为类,个人信贷异常,个人负债（剔除房、车贷）数目较大,例如当月除住房贷款、汽车贷款、花呗外贷款余额>=50万元的员工，视所处地区、个人收入等实际情况判断。,可疑/异常行为,中/较低/低,个人异常行为事项报送及签署授权书,当月除住房贷款、汽车贷款、花呗外贷款余额>=50万元的员工，视所处地区、个人收入等实际情况判断。,与员工本人沟通，核实是否存在排查出的可疑行为，并明确其行为原因。被检查人需提供详细明确的说明，充分解释其异常行为的合理性。
68,经济行为类,个人信贷异常,个人贷款逾期,,可疑/异常行为,中/较低/低,个人异常行为事项报送及签署授权书,"1.筛选截至本月信用卡已超过规定期限仍不还款的员工，或筛选本月发生贷款逾期的员工，并细分违规类型：信用卡透支、贷款逾期；
2.通过法院“被执行人信息平台”和“中国执行信息公开网”查看失信人名单。",被查询人可提供个人征信报告
69,经济行为类,个人信贷异常,员工进行经营性贷款,,违规行为,中/较低/低,个人异常行为事项报送及签署授权书,通过规则定期排查员工账户的交易情况，包括交易金额、交易对手、交易频率、交易备注信息等数据，形成异常员工行为名单。,与员工本人沟通，核实是否存在排查出的可疑行为，并明确其行为原因。被检查人需提供详细明确的说明，充分解释其异常行为的合理性。
70,经济行为类,个人信贷异常,多头借贷,90天内实际放款机构>=3家,可疑/异常行为,中/较低/低,个人异常行为事项报送及签署授权书,90天内实际放款机构>=3家,与员工本人沟通，核实是否存在排查出的可疑行为，并明确其行为原因。被检查人需提供详细明确的说明，充分解释其异常行为的合理性。
71,经济行为类,个人信贷异常,信用卡恶意透支,,违规行为,中/较低/低,个人异常行为事项报送及签署授权书,通过规则定期排查员工账户的交易情况，包括交易金额、交易对手、交易频率、交易备注信息等数据，形成异常员工行为名单。,与员工本人沟通，核实是否存在排查出的可疑行为，并明确其行为原因。被检查人需提供详细明确的说明，充分解释其异常行为的合理性。
72,经济行为类,个人信贷异常,个人征信评分不佳,根据征信评分信息中“相对位置”字段，员工的征信个人信用评分的分值在总体评分人群中的位置较低,可疑/异常行为,中/较低/低,个人异常行为事项报送及签署授权书,根据征信评分信息中“相对位置”字段，员工的征信个人信用评分的分值在总体评分人群中的位置较低。,与员工本人沟通，核实是否存在排查出的可疑行为，并明确其行为原因。被检查人需提供详细明确的说明，充分解释其异常行为的合理性。
73,经济行为类,个人信贷异常,员工公共缴费业务大额欠费,筛选欠费情况且欠费总金额>5000元的员工（目前包括电信业务、公共事业缴费业务的欠费信息）,可疑/异常行为,中/较低/低,个人异常行为事项报送及签署授权书,筛选欠费情况且欠费总金额>5000元的员工（目前包括电信业务、公共事业缴费业务的欠费信息）,与员工本人沟通，核实是否存在排查出的可疑行为，并明确其行为原因。被检查人需提供详细明确的说明，充分解释其异常行为的合理性。
74,经济行为类,个人信贷异常,员工个人贷款用途与实际不符,,可疑/异常行为,较高/中/较低,个人异常行为事项报送及签署授权书,查阅个人流水,
75,经济行为类,个人账户异常,员工手机号关联其他对私客户账户,,可疑/异常行为,中/较低/低,个人异常行为事项报送及签署授权书,筛选员工名下关联的其他账号，筛选出账号名称非本人的情况，生成异常员工名单。,与员工本人沟通，核实是否存在排查出的可疑行为，并明确其行为原因。被检查人需提供详细明确的说明，充分解释其异常行为的合理性。
76,经济行为类,个人账户异常,员工非工资卡账户突然启用，活跃期短并发生大额交易,,可疑/异常行为,中/较低/低,个人异常行为事项报送及签署授权书,通过规则定期排查员工账户的交易情况，包括交易金额、交易对手、交易频率、交易备注信息等数据，结合账户活跃情况，形成异常员工行为名单。,与员工本人沟通，核实是否存在排查出的可疑行为，并明确其行为原因。被检查人需提供详细明确的说明，充分解释其异常行为的合理性。
77,经济行为类,个人账户异常,违规出借本人或使用他人银行账户,,违规行为,中/较低/低,个人异常行为事项报送及签署授权书,"1.资金流向分析：获取员工个人银行账户的交易流水记录，仔细分析资金的来源和去向。
2.交易对手调查：对账户交易中的对手方进行调查。检查交易对手是否为行内禁止关联的对象，如与银行有竞争关系的企业、未经授权的金融机构等。
3.交易类型和频率分析：分析账户交易的类型，如转账、取现、消费等。注意是否存在异常的交易类型，如频繁的大额取现可能用于一些不正当的现金交易。",与员工本人沟通，核实是否存在排查出的可疑行为，并明确其行为原因。被检查人需提供详细明确的说明，充分解释其异常行为的合理性。
78,经济行为类,其他经济行为类,存在其他经济行为类不良行为,,违规行为,中/较低/低,个人异常行为事项报送及签署授权书,通过行内定期排查，筛选出异常行为员工名单,家访、暗访、员工谈心
79,业务操作类,违规销售,开展未经监管机构或所在机构批准的金融业务,,违规行为,较高/中/较低,个人异常行为事项报送及签署授权书,结合业务部门反馈的相关数据，定期获取异常行为员工名单。,与员工本人沟通，核实是否存在排查出的可疑行为，并明确其行为原因。被检查人需提供详细明确的说明，充分解释其异常行为的合理性。
80,业务操作类,违规销售,销售、推介或代销未经本行批准的任何金融产品和服务,,违规行为,较高/中/较低,个人异常行为事项报送及签署授权书,结合业务部门反馈的相关数据，定期获取异常行为员工名单。,与员工本人沟通，核实是否存在排查出的可疑行为，并明确其行为原因。被检查人需提供详细明确的说明，充分解释其异常行为的合理性。
81,业务操作类,违规销售,针对特定客户非公开销售优于其他同类客户的各类金融产品,产品包括存款产品、贷款产品、基金产品、信托产品、理财产品等,违规行为,较高/中/较低,个人异常行为事项报送及签署授权书,结合业务部门反馈的相关数据，定期获取异常行为员工名单。,与员工本人沟通，核实是否存在排查出的可疑行为，并明确其行为原因。被检查人需提供详细明确的说明，充分解释其异常行为的合理性。
82,业务操作类,违规销售,未严格落实销售专区录音录像等监管要求,,违规行为,中/较低/低,个人异常行为事项报送及签署授权书,结合业务部门反馈的相关数据，定期获取异常行为员工名单。,与员工本人沟通，核实是否存在排查出的可疑行为，并明确其行为原因。被检查人需提供详细明确的说明，充分解释其异常行为的合理性。
83,业务操作类,违规销售,其他未切实保护客户权益的行为,,违规行为,中/较低/低,个人异常行为事项报送及签署授权书,结合业务部门反馈的相关数据，定期获取异常行为员工名单。,与员工本人沟通，核实是否存在排查出的可疑行为，并明确其行为原因。被检查人需提供详细明确的说明，充分解释其异常行为的合理性。
84,业务操作类,违规销售,未按照规定以明确的、足以让客户注意的方式向其充分提示必要信息,,违规行为,中/较低/低,个人异常行为事项报送及签署授权书,结合业务部门反馈的相关数据，定期获取异常行为员工名单。,与员工本人沟通，核实是否存在排查出的可疑行为，并明确其行为原因。被检查人需提供详细明确的说明，充分解释其异常行为的合理性。
85,业务操作类,违规销售,未对所推荐的产品及服务的特点和涉及到的各类风险进行如实充分的提示,,违规行为,中/较低/低,个人异常行为事项报送及签署授权书,结合业务部门反馈的相关数据，定期获取异常行为员工名单。,与员工本人沟通，核实是否存在排查出的可疑行为，并明确其行为原因。被检查人需提供详细明确的说明，充分解释其异常行为的合理性。
86,业务操作类,违规销售,未按照规定对客户进行风险评级,,违规行为,中/较低/低,个人异常行为事项报送及签署授权书,结合业务部门反馈的相关数据，定期获取异常行为员工名单。,与员工本人沟通，核实是否存在排查出的可疑行为，并明确其行为原因。被检查人需提供详细明确的说明，充分解释其异常行为的合理性。
87,业务操作类,违规销售,向客户推销与其风险承受能力不相匹配的产品及服务,,违规行为,中/较低/低,个人异常行为事项报送及签署授权书,结合业务部门反馈的相关数据，定期获取异常行为员工名单。,与员工本人沟通，核实是否存在排查出的可疑行为，并明确其行为原因。被检查人需提供详细明确的说明，充分解释其异常行为的合理性。
88,业务操作类,违规销售,为达成交易而采取隐瞒风险、进行虚假或误导性陈述等不正当手段,,违规行为,较高/中/较低,个人异常行为事项报送及签署授权书,结合业务部门反馈的相关数据，定期获取异常行为员工名单。,与员工本人沟通，核实是否存在排查出的可疑行为，并明确其行为原因。被检查人需提供详细明确的说明，充分解释其异常行为的合理性。
89,业务操作类,违规销售,向客户做出不符合法律法规及有关规章制度的承诺或保证,,违规行为,较高/中/较低,个人异常行为事项报送及签署授权书,结合业务部门反馈的相关数据，定期获取异常行为员工名单。,与员工本人沟通，核实是否存在排查出的可疑行为，并明确其行为原因。被检查人需提供详细明确的说明，充分解释其异常行为的合理性。
90,业务操作类,违规销售,向客户明示或暗示诱导客户规避金融、外汇监管规定,,违规行为,较高/中/较低,个人异常行为事项报送及签署授权书,结合业务部门反馈的相关数据，定期获取异常行为员工名单。,与员工本人沟通，核实是否存在排查出的可疑行为，并明确其行为原因。被检查人需提供详细明确的说明，充分解释其异常行为的合理性。
91,业务操作类,违规收费,违规收取费用,,违规行为,中/较低/低,个人异常行为事项报送及签署授权书,通过员工账户交易记录，筛选“交易附言”中包含“手续费”“顾问费”“服务费”等关键字的记录。,与员工本人沟通，核实是否存在排查出的可疑行为，并明确其行为原因。被检查人需提供详细明确的说明，充分解释其异常行为的合理性。
92,业务操作类,违规收费,挂单套利,,违规行为,中/较低/低,个人异常行为事项报送及签署授权书,"1.交易数据监测：审查交易系统中的订单记录，包括买入和卖出订单，关注短时间内频繁的、金额相近且方向相反的订单，关注非交易高峰期的交易活动，对比员工交易的订单规模与市场正常交易规模。
2.检查员工是否有多个关联账户或与公司内部其他可疑账户（如已经被标记为高风险或有异常交易历史的账户）之间存在关联交易。",与员工本人沟通，要求员工提供其交易策略的说明和依据，如果某个员工无法清晰合理地解释其交易策略，或者其交易策略明显与公司的投资理念、风险控制要求不符，且呈现出挂单套利的典型特征（如频繁利用价格差价、交易频率高等），需深入调查。
93,业务操作类,违规交易,个人同客户之间有买卖、租赁行为,,可疑/异常行为,中/较低/低,个人异常行为事项报送及签署授权书,"1.查询财务记录：通过审查银行员工的个人银行账户流水，查看是否存在与客户的异常资金往来。
2.行为模式分析‌：通过统计分析员工的日常操作行为，找出潜在的异常行为。例如，某员工在非工作时间频繁登录系统或在短时间内访问大量敏感数据等。",与员工本人沟通，核实是否存在排查出的可疑行为，并明确其行为原因。被检查人需提供详细明确的说明，充分解释其异常行为的合理性。
94,业务操作类,违规交易,个人账户与客户发生不当资金往来,,可疑/异常行为,高/较高/中/较低,个人异常行为事项报送及签署授权书,要求被查询人提供相应银行对账单,与员工本人沟通，核实是否存在排查出的可疑行为，并明确其行为原因。被检查人需提供详细明确的说明，充分解释其异常行为的合理性。
95,业务操作类,违规交易,利用职务便利自行或通过近亲属以明显不合理的商业条件与本行进行交易,,违规行为,中/较低/低,个人异常行为事项报送及签署授权书,"1.关注异常交易行为‌：密切关注员工的个人账户资金异常波动，若发现员工个人账户资金异常波动，应及时进行调查，防止利用职务便利进行不当交易‌。
2.亲属交易监控‌：重点关注员工主要亲属、关联交易人员间的转账业务，特别是大额交易和频繁交易，通过追踪多级账号筛选出问题疑点线索‌。",与员工本人沟通，核实是否存在排查出的可疑行为，并明确其行为原因。被检查人需提供详细明确的说明，充分解释其异常行为的合理性。
96,业务操作类,违规交易,个人账户与非消费类商业实体企业账户发生资金往来,企业账户仅指以盈利为目的的商业实体，不包括医院、学校、公积金管理中心等非营利性机构或政府公共事务管理机构（从交易对手整白名单；规则里会看交易备注里看）,可疑/异常行为,中/较低/低,个人异常行为事项报送及签署授权书,通过规则定期排查员工账户的交易情况，包括交易金额、交易对手、交易频率、交易备注信息等数据，重点关注交易对手是否为实体企业账户，并形成异常员工行为名单。,与员工本人沟通，核实是否存在排查出的可疑行为，并明确其行为原因。被检查人需提供详细明确的说明，充分解释其异常行为的合理性。
97,业务操作类,违规交易,涉嫌向民营、私营企业主等违规提供资金,,违规行为/可疑/异常行为,高/较高/中/较低,个人异常行为事项报送及签署授权书,通过规则定期排查员工账户的交易情况，包括交易金额、交易对手、交易频率、交易备注信息等数据，重点关注交易对手是否为企业账户，并形成异常员工行为名单。,与员工本人沟通，核实是否存在排查出的可疑行为，并明确其行为原因。被检查人需提供详细明确的说明，充分解释其异常行为的合理性。
98,业务操作类,违规管理,管理人员对员工合理诉求推诿扯皮、冷硬横推，漠视或侵害员工合法权益,,违规行为,高/较高/中,个人异常行为事项报送及签署授权书,收集反馈、举报信息；定期组织员工座谈会；检查管理人员的绩效评估指标中是否包含员工满意度、员工诉求处理效率等相关内容。若无，考虑将这些指标纳入绩效考核体系。,与本人沟通核实
99,业务操作类,违规管理,管理人员操纵本单位开展党和国家政策、法律、法规，监管部门及本行明令禁止的经营活动,,违规行为,高/较高/中,个人异常行为事项报送及签署授权书,定期查询监管部门发布的政策法规更新信息，并与行内的经营活动进行比对；定期检查管理层会议、业务决策会议等的会议记录。,与管理人员沟通，核实是否存在排查出的可疑行为，并明确其行为原因。被检查人需提供详细明确的说明，充分解释其异常行为的合理性。
100,业务操作类,违规管理,管理人员违反规定或民主决策原则和程序，决定本单位“三重一大”事项,,违规行为,高/较高/中,个人异常行为事项报送及签署授权书,定期审查 “三重一大” 决策制度，明确规定的决策流程、参与人员范围、表决方式等细节；对于重要项目安排和大额资金使用，调查项目相关的供应商、合作方等利益相关者。,与管理人员沟通，核实是否存在排查出的可疑行为，并明确其行为原因。被检查人需提供详细明确的说明，充分解释其异常行为的合理性。
101,业务操作类,违规管理,管理人员违反规定、审批程序或超越权限，干预正常经营管理活动,例如：干预或查收贷款审批、物质采购、基建工程、营业网点（办公用房）购置和装修、资产处置、商业广告等正常经营管理活动,违规行为,高/较高/中,个人异常行为事项报送及签署授权书,定期检查业务审批记录，包括纸质审批单和电子审批系统中的记录。查看审批人的签名、审批时间、审批意见等信息。,与管理人员沟通，核实是否存在排查出的可疑行为，并明确其行为原因。被检查人需提供详细明确的说明，充分解释其异常行为的合理性。
102,业务操作类,违规管理,管理人员利用职务影响力干预人员招录、干部选拔任用工作,,违规行为,高/较高/中,个人异常行为事项报送及签署授权书,定期审查人员招录和干部选拔任用过程中的所有文件；对于招录的新员工和选拔任用的干部进行背景调查。,与管理人员沟通，核实是否存在排查出的可疑行为，并明确其行为原因。被检查人需提供详细明确的说明，充分解释其异常行为的合理性。
103,业务操作类,违规管理,管理人员擅自决定本级领导班子成员薪酬和福利待遇，或滥发津贴补贴,,违规行为,高/较高/中,个人异常行为事项报送及签署授权书,定期审查行内工资、奖金、津贴补贴和福利费用等的财务账目、检查薪酬福利发放相关的发票和凭证。,与管理人员沟通，核实是否存在排查出的可疑行为，并明确其行为原因。被检查人需提供详细明确的说明，充分解释其异常行为的合理性。
104,业务操作类,违规管理,管理人员违反财务制度，擅自调节收支形成虚假财务结果,,违规行为,高/较高/中,个人异常行为事项报送及签署授权书,定期核对不同账簿之间的数据一致性、检查财务报表与账簿记录的一致性。,与管理人员沟通，核实是否存在排查出的可疑行为，并明确其行为原因。被检查人需提供详细明确的说明，充分解释其异常行为的合理性。
105,业务操作类,违规管理,管理人员不履行或不正确履行职责，造成工作损失或不良影响,,违规行为,高/较高/中,个人异常行为事项报送及签署授权书,定期检查单位内部的文件收发记录、会议纪要等，看上级政策文件、工作部署要求是否及时、完整地传达给相关人员；对于重大决策，审查决策过程中的可行性研究报告、专家论证意见、风险评估报告、投票记录（如果是集体决策）等。,与管理人员沟通，核实是否存在排查出的可疑行为，并明确其行为原因。被检查人需提供详细明确的说明，充分解释其异常行为的合理性。
106,业务操作类,违规管理,管理人员发出违规指令、强迫他人违规操作和管理监督失职渎职,,违规行为,高/较高/中,个人异常行为事项报送及签署授权书,定期审查银行内部的各种指令传达渠道，如电子邮件、工作系统消息、纸质文件等，检查管理人员是否有发出明显违反公司规定、法律法规的指令；收集反馈、举报信息。,与管理人员沟通，核实是否存在排查出的可疑行为，并明确其行为原因。被检查人需提供详细明确的说明，充分解释其异常行为的合理性。
107,业务操作类,违规管理,管理人员违规上收员工绩效、奖金,,违规行为,高/较高/中,个人异常行为事项报送及签署授权书,检查涉及绩效奖金发放的所有文件，如绩效评估表、奖金计算明细、发放通知等。查看文件中的数据是否准确、合理，是否与绩效奖金制度相符合；定期排查和追踪绩效奖金资金的流向。,与管理人员沟通，核实是否存在排查出的可疑行为，并明确其行为原因。被检查人需提供详细明确的说明，充分解释其异常行为的合理性。
108,业务操作类,违规管理,管理人员包庇、纵容下属的违规行为,,违规行为,高/较高/中,个人异常行为事项报送及签署授权书,定期排查行内违规处理记录，包括书面警告、罚款记录、纪律处分会议纪要等。分析处理过程是否符合规定的程序，处罚是否公正合理。,与管理人员沟通，核实是否存在排查出的可疑行为，并明确其行为原因。被检查人需提供详细明确的说明，充分解释其异常行为的合理性。
109,业务操作类,违规管理,上级管理人员向下级员工提供或索取贷款,建议最高等级排查,违规行为,高/较高/中,个人异常行为事项报送及签署授权书,定期审查员工银行流水和财务记录，排查异常的资金往来，如资金从上级管理层账户向员工账户的大额转账。,与管理人员沟通，核实是否存在排查出的可疑行为，并明确其行为原因。被检查人需提供详细明确的说明，充分解释其异常行为的合理性。
110,业务操作类,违规代理,代客保管重要单证、重要物品、重要资料和资金账户,客户包括亲属、家人朋友等,违规行为,中/较低/低,个人异常行为事项报送及签署授权书,结合业务部门反馈的相关数据，定期获取异常行为员工名单。,与员工本人沟通，核实是否存在排查出的可疑行为，并明确其行为原因。被检查人需提供详细明确的说明，充分解释其异常行为的合理性。
111,业务操作类,违规代理,代客办理开户、投资、理财、提现、购汇、缴费等各项业务,客户包括亲属、家人朋友等,违规行为,中/较低/低,个人异常行为事项报送及签署授权书,"通过行内系统排查员工账户的交易相关异常行为，规则包括：
（1）交易数据包含敏感字段；
且（2）交易前后有类似金额转入；
且（3）转入的交易对手非本人名称等。",与员工本人沟通，核实是否存在排查出的可疑行为，并明确其行为原因。被检查人需提供详细明确的说明，充分解释其异常行为的合理性。
112,业务操作类,其他失范行为,默许、参与或支持客户用信贷资金进行违反信贷政策的投资行为,,违规行为,高/较高/中/较低,个人异常行为事项报送及签署授权书,‌监控贷款资金用途‌：通过技术手段监控贷款资金的流向，具体方法包括设置自动监控系统、对贷款资金的流向进行实时跟踪和记录、通过收款账号监控资金流动等。,与员工本人沟通，核实其贷款用途，并要求员工提交证明其贷款用途的发票或相关凭证。
113,业务操作类,其他失范行为,掩饰客户风险信息,,违规行为,高/较高/中/较低,个人异常行为事项报送及签署授权书,"1.重点岗位人员审查：对客户经理、理财经理、支行行长等关键岗位人员进行审查，排查是否存在擅自修改客户信息等行为。
2.客户信息真实性验证：定期或对客户信息进行全面核查，核实信息的真实性。",与员工本人沟通，核实是否存在排查出的可疑行为，并明确其行为原因。被检查人需提供详细明确的说明，充分解释其异常行为的合理性。
114,业务操作类,其他失范行为,掩饰客户不实信息、编造虚假材料,,违规行为,高/较高/中/较低,个人异常行为事项报送及签署授权书,"1.重点岗位人员审查：对客户经理、理财经理、支行行长等关键岗位人员进行审查，排查是否存在擅自修改客户信息等行为。
2.客户信息真实性验证：定期或对客户信息进行全面核查，核实信息的真实性。",与员工本人沟通，核实是否存在排查出的可疑行为，并明确其行为原因。被检查人需提供详细明确的说明，充分解释其异常行为的合理性。
115,业务操作类,其他失范行为,隐瞒、掩盖重大业务差错和责任,,违规行为,高/较高/中/较低,个人异常行为事项报送及签署授权书,通过建立有效的监控和审计机制，定期检查员工的业务操作和记录，包括定期的内部审计、随机抽查、关键业务环节的监控录像等，并对收集到的证据进行深入分析，核实其真实性和关联性。,根据收集的相关证据，与涉嫌隐瞒或掩盖的员工进行面谈，了解其行为动机和过程。被检查人需提供详细明确的说明，充分解释其异常行为的合理性。
116,业务操作类,其他失范行为,操纵或干预信贷调查、评估、担保、授信、审批及贷后管理工作,,违规行为,高/较高/中/较低,个人异常行为事项报送及签署授权书,定期评估信贷管理的各个环节，识别高风险行为，如过度借贷、高风险投资等。通过数据分析，识别员工潜在的操纵或干预行为‌。,与员工本人沟通，核实是否存在排查出的可疑行为，并明确其行为原因。被检查人需提供详细明确的说明，充分解释其异常行为的合理性。
117,业务操作类,其他失范行为,利用职务便利为特定客户优于同等条件办理高端信用卡,,违规行为,中/较低/低,个人异常行为事项报送及签署授权书,"‌1.审查员工的工作记录和客户信息‌：检查员工的工作记录，特别是与高端信用卡相关的部分。查看员工是否为特定客户提供了优于同等条件的服务，例如更高的信用额度、更长的免息期等。同时，审查客户信息，确认是否存在不合理的优惠或特殊待遇‌。
2.对比同等条件下的服务标准‌：将特定客户的信用卡服务与其他客户的标准进行对比，查看是否存在明显的不公平现象。例如，如果其他客户在同等条件下无法获得相同的优惠或服务，这可能表明员工利用了职务便利‌。
‌3.调查客户的反馈和投诉‌：收集客户的反馈和投诉信息，特别是那些涉及信用卡服务的投诉，排查是否存在特定客户频繁投诉或反馈服务不公平。",与员工本人沟通，核实是否存在排查出的可疑行为，并明确其行为原因。被检查人需提供详细明确的说明，充分解释其异常行为的合理性。
118,业务操作类,其他失范行为,向下级单位推荐、推销与个人利益有关的各类工程、项目、商品、宣传品等,,违规行为,中/较低/低,个人异常行为事项报送及签署授权书,"‌1.设立内部举报机制，定期查看和处理内部举报系统内的举报信息。
2.分析员工和下级单位相关账户的银行流水。寻找资金流向可疑的线索，比如是否有频繁的资金往来，或者是否存在员工账户收到来自下级单位员工或单位账户的款项，且这些款项的用途不明。
3.通过定期或不定期在工作场所的观察，留意员工的行为。例如，看是否有员工频繁向下级单位员工展示或介绍某些商品，或者是否有大量商品相关的宣传资料出现在工作区域。还可以观察员工之间的交流，是否存在暗示或引导购买商品的对话。",对下级单位员工进行随机访谈和问卷调查。询问他们是否遇到过上级银行员工推荐商品的情况，包括推荐的商品种类、频率、是否有强制购买的暗示等。
119,业务操作类,其他失范行为,未遵守有关履职回避制度要求,,违规行为,中/较低/低,个人异常行为事项报送及签署授权书,"1.要求员工定期申报与亲属、朋友和商业合作伙伴之间可能存在的经济往来、合作关系等信息，并且定期更新申报内容。
2.定期对已完成的授信、资信调查、融资业务进行抽样检查。组建专门的检查小组，小组成员来自不同的部门，且与被检查业务无直接关联。检查小组重新审查业务档案，核对客户信息与员工申报的亲属和利益相关人信息。","1.员工访谈：与员工本人沟通，核实是否存在排查出的可疑行为，并明确其行为原因。被检查人需提供详细明确的说明，充分解释其异常行为的合理性。
2.第三方渠道查询：利用外部数据库和信息平台，如企业信用信息网、法院裁判文书网等，核实客户与员工及其亲属之间是否存在经济或其他关联。"
120,业务操作类,其他失范行为,关键岗位人员未按规定落实轮岗或强制休假的,,违规行为,中/较低/低,个人异常行为事项报送及签署授权书,"1.考勤记录审查：定期检查关键岗位员工的考勤记录，包括打卡记录、请假记录等。对比实际出勤情况与轮岗或强制休假计划，查看是否有员工未按照计划进行轮岗或休假。
2.业务操作记录追溯：检查业务操作记录，查看关键岗位员工在轮岗或强制休假期间是否有违规操作。例如，在强制休假期间，员工的账号是否仍有业务操作记录；在轮岗后，员工是否还在处理原岗位的业务。","1.将强制休假计划与员工的考勤记录（包括打卡记录、请假记录等）进行比对。
2.通过信息系统的访问日志，查看员工在强制休假期间是否有登录核心业务系统进行操作。"
121,业务操作类,其他失范行为,违规出借本人或使用他人系统账号的用户名和密码,系统帐号包括登录易点、京智等,违规行为,高/较高/中/较低,个人异常行为事项报送及签署授权书,"1.系统日志分析：通过分析系统日志，查看是否存在同一账号在短时间内从不同地点登录的情况。
2.权限使用频率检查：检查账号权限的使用频率，查看是否有账号使用了一些平时很少使用的权限。",与员工本人沟通，核实是否存在排查出的可疑行为，并明确其行为原因。被检查人需提供详细明确的说明，充分解释其异常行为的合理性。
122,业务操作类,其他失范行为,违规考勤代打卡,,违规行为,中/较低/低,个人异常行为事项报送及签署授权书,通过定期审查考勤系统中的打卡时间记录、打卡设备、工作场所入口和打卡区域附近的监控视频等，排查可能存在的考勤代打卡行为。,与员工本人沟通，核实是否存在排查出的可疑行为，并明确其行为原因。被检查人需提供详细明确的说明，充分解释其异常行为的合理性。
123,业务操作类,其他失范行为,利用职权和管理漏洞，篡改后台数据,,违规行为,高/较高/中,个人异常行为事项报送及签署授权书,"1.系统日志分析：通过分析系统日志，排查是否存在数据修改权限的关键用户的操作记录。
2.数据一致性监测：定期对重要数据进行备份，并将备份数据与当前系统中的数据进行对比。",与员工本人沟通，核实是否存在排查出的可疑行为，并明确其行为原因。被检查人需提供详细明确的说明，充分解释其异常行为的合理性。
124,业务操作类,其他失范行为,违规招投标,,违规行为,较高/中/较低,个人异常行为事项报送及签署授权书,"1.招标文档核对：重新审视招标项目的所有文件，包括招标公告、招标文件、投标文件、评标报告和合同文件等。检查这些文件是否完整、一致，是否存在篡改或隐瞒关键信息的情况。
2.审批与决策记录检查：检查招标过程中的审批记录，如项目立项审批、预算审批、评标结果审批等。核实这些审批是否按照公司内部规定的流程进行，审批人是否具备相应的权限，签名是否真实有效。","对参与招标过程的所有员工进行单独访谈，包括招标项目负责人、采购人员、评标委员会成员等。询问他们在招标过程中的具体职责、工作流程和遇到的问题。
与参与投标的供应商进行沟通，了解他们在投标过程中的经历。询问他们对招标程序公正性的看法，是否发现任何异常情况，如是否收到内部员工的暗示或不正当要求。"
125,业务操作类,其他失范行为,员工或亲属信息申报不实,,违规行为,中/较低/低,个人异常行为事项报送及签署授权书,"1.内部数据比对：将员工申报的信息与行内其他系统的数据进行比对。例如，将员工申报的亲属姓名与公司的人力资源管理系统中的紧急联系人信息、保险受益人的信息进行核对。如果发现差异，可能存在申报不实的情况。
2.外部信息核实：利用外部数据库和渠道验证申报信息。对于员工申报的亲属投资企业情况，可以通过国家企业信用信息公示系统查询企业的股东信息、高管名单等，核实员工或其亲属是否如实申报股权和任职情况。",当发现有信息申报不实的嫌疑时，启动正式的调查核实程序。由独立的调查小组负责调查，通过与员工面谈、收集更多证据（如银行流水、合同文件等）等方式，核实员工行为的合理性。
126,业务操作类,其他失范行为,不提交或提交不实的个人信息,,违规行为,中/较低/低,个人异常行为事项报送及签署授权书,"1.内部数据核对：将员工申报的信息与行内已有的其他数据进行比对。例如，把申报的家庭联系方式与公司紧急联系人信息、员工福利系统中的家属信息进行对比。如果发现差异，可能存在申报不实的情况。
2.外部数据验证：针对员工申报的投资企业情况，通过国家企业信用信息公示系统查询企业的股东信息、注册地址、经营范围等内容，与员工申报的投资细节进行比对，检查是否存在隐瞒或虚假申报的情况。",当发现有信息申报不实的嫌疑时，启动正式的调查核实程序。由独立的调查小组负责调查，通过与员工面谈、收集更多证据（如银行流水、合同文件等）等方式，核实员工行为的合理性。
127,业务操作类,其他失范行为,未妥善保管其他与自身职责有关的信息和物品,,违规行为,中/较低/低,个人异常行为事项报送及签署授权书,通过办公区域检查、重要物品和信息专用存储区域检查、文档存储和管理情况审查、数据备份与存储检查，并要求员工提供的关于信息和物品保管记录，排查员工对于数据和物品的保管情况。,与员工本人沟通，核实是否存在排查出的可疑行为，并明确其行为原因。被检查人需提供详细明确的说明，充分解释其异常行为的合理性。
128,业务操作类,其他失范行为,违规保管客户印章、已加盖公章客户空白凭证等重要材料,,违规行为,较高/中/较低,个人异常行为事项报送及签署授权书,采取不定期的“特别检查”、“飞行检查”、“突击检查”等线下检查方式，调查了解银行员工在其工作场所是否违规保管借条、凭证、合同、印章等物品。,核实保管的物品，调取监控，与员工面谈，核实行为与其背后原因。
129,业务操作类,其他失范行为,未经批准随意外出、无故不到岗、中途长时间离岗或突然失联失踪,,违规行为,中/较低/低,个人异常行为事项报送及签署授权书,结合业务部门反馈的相关数据，定期获取异常行为员工名单。,与员工本人沟通，核实是否存在排查出的可疑行为，并明确其行为原因。被检查人需提供详细明确的说明，充分解释其异常行为的合理性。
130,业务操作类,其他失范行为,不接受岗位调整、轮换或以各种接口拖延岗位轮换时间,,违规行为,中/较低/低,个人异常行为事项报送及签署授权书,结合业务部门反馈的相关数据，定期获取异常行为员工名单。,与员工本人沟通，核实是否存在排查出的可疑行为，并明确其行为原因。被检查人需提供详细明确的说明，充分解释其异常行为的合理性。
131,业务操作类,其他失范行为,不配合或抗拒检查，拒绝、故意拖延或提供虚假材料,,违规行为,高/较高/中/较低,个人异常行为事项报送及签署授权书,结合业务部门反馈的相关数据，定期获取异常行为员工名单。,与员工本人沟通，核实是否存在排查出的可疑行为，并明确其行为原因。被检查人需提供详细明确的说明，充分解释其异常行为的合理性。
132,业务操作类,其他失范行为,近段时间突然精神恍惚、情绪反常，与以往表现有重大差异,,可疑/异常行为,中/较低/低,个人异常行为事项报送及签署授权书,通过家访、与员工同事访谈等非正式谈话方式，同时结合业务部门反馈的相关数据，定期获取异常行为员工名单。,与员工本人沟通，核实是否存在排查出的可疑行为，并明确其行为原因。被检查人需提供详细明确的说明，充分解释其异常行为的合理性。
133,业务操作类,其他失范行为,明知他人违规、违纪、违法而知情不报,,违规行为,中/较低/低,个人异常行为事项报送及签署授权书,结合业务部门反馈的相关数据，定期获取异常行为员工名单。,与员工本人沟通，核实是否存在排查出的可疑行为，并明确其行为原因。被检查人需提供详细明确的说明，充分解释其异常行为的合理性。
134,业务操作类,其他失范行为,行内考试有作弊等相关违规行为,,违规行为,中/较低/低,个人异常行为事项报送及签署授权书,结合业务部门反馈的相关数据，定期获取异常行为员工名单。,与员工本人沟通，核实是否存在排查出的可疑行为，并明确其行为原因。被检查人需提供详细明确的说明，充分解释其异常行为的合理性。
135,业务操作类,其他失范行为,无故不参加单位组织的各类活动,包括但不限于：会议、座谈、培训等,违规行为,中/较低/低,个人异常行为事项报送及签署授权书,结合业务部门反馈的相关数据，定期获取异常行为员工名单。,与员工本人沟通，核实是否存在排查出的可疑行为，并明确其行为原因。被检查人需提供详细明确的说明，充分解释其异常行为的合理性。
136,业务操作类,其他失范行为,违规经商办企业,,违规行为,中/较低/低,个人异常行为事项报送及签署授权书,通过我行“京准查”和天眼查、企查查等公开信息渠道进行排查,被查询人通过小程序“电子营业执照”查询个人信息后截图
137,业务操作类,其他失范行为,违规兼职或违规兼职取酬,,违规行为,中/较低/低,个人异常行为事项报送及签署授权书,通过我行“京准查”和天眼查、企查查等公开信息渠道进行排查,被查询人通过小程序“电子营业执照”查询个人信息后截图
138,业务操作类,其他失范行为,未经批准，参加授课、课题研究、论文评审、答辩评审、合作出书等活动,,违规行为,中/较低/低,个人异常行为事项报送及签署授权书,定期审查工作安排与行程、定期监测员工在社交媒体、学术论坛、专业网站等平台上的活动动态,与员工可能参与活动的合作方、学术机构、出版社等进行沟通，核实员工是否以公司名义或在工作时间内参与了相关活动，以及活动是否经过公司批准。
139,业务操作类,其他失范行为,未妥善保管涉密资料，擅自将涉密资料带离保管场所或办公场所,,违规行为,高/较高/中/较低,个人异常行为事项报送及签署授权书,结合业务部门反馈的相关数据，定期获取异常行为员工名单。,与员工本人沟通，核实是否存在排查出的可疑行为，并明确其行为原因。被检查人需提供详细明确的说明，充分解释其异常行为的合理性。
140,业务操作类,其他失范行为,离职前未将涉密资料原件和复制形式完整交回，自行保留,,违规行为,高/较高/中/较低,个人异常行为事项报送及签署授权书,结合业务部门反馈的相关数据，定期获取异常行为员工名单。,与员工本人沟通，核实是否存在排查出的可疑行为，并明确其行为原因。被检查人需提供详细明确的说明，充分解释其异常行为的合理性。
141,业务操作类,其他失范行为,未经授权或批准，打印、复印或复制敏感信息或涉密资料,,违规行为,高/较高/中/较低,个人异常行为事项报送及签署授权书,结合业务部门反馈的相关数据，定期获取异常行为员工名单。,与员工本人沟通，核实是否存在排查出的可疑行为，并明确其行为原因。被检查人需提供详细明确的说明，充分解释其异常行为的合理性。
142,业务操作类,其他失范行为,未恪守“公平竞争、客户自愿”原则，从事各类不正当竞争行为,例如：违规揽存、低价倾销、贬低同业、虚假宣传等,违规行为,中/较低/低,个人异常行为事项报送及签署授权书,结合业务部门反馈的相关数据，定期获取异常行为员工名单。,与员工本人沟通，核实是否存在排查出的可疑行为，并明确其行为原因。被检查人需提供详细明确的说明，充分解释其异常行为的合理性。
143,业务操作类,其他失范行为,向客户明示、暗示或者默许以虚假资料骗取、套取信贷资金,,违规行为,高/较高/中/较低,个人异常行为事项报送及签署授权书,结合业务部门反馈的相关数据，定期获取异常行为员工名单。,与员工本人沟通，核实是否存在排查出的可疑行为，并明确其行为原因。被检查人需提供详细明确的说明，充分解释其异常行为的合理性。
144,业务操作类,其他失范行为,未经授权以银行名义与客户签订协议、合同,,违规行为,高/较高/中,个人异常行为事项报送及签署授权书,结合业务部门反馈的相关数据，定期获取异常行为员工名单。,与员工本人沟通，核实是否存在排查出的可疑行为，并明确其行为原因。被检查人需提供详细明确的说明，充分解释其异常行为的合理性。
145,业务操作类,其他失范行为,故意违规或刻意规避法律法规、我行规章制度,,违规行为,高/较高/中/较低,个人异常行为事项报送及签署授权书,结合业务部门反馈的相关数据，定期获取异常行为员工名单。,与员工本人沟通，核实是否存在排查出的可疑行为，并明确其行为原因。被检查人需提供详细明确的说明，充分解释其异常行为的合理性。
146,业务操作类,其他失范行为,违规使用未经授权的设备,,违规行为,较高/中/较低,个人异常行为事项报送及签署授权书,结合业务部门反馈的相关数据，定期获取异常行为员工名单。,与员工本人沟通，核实是否存在排查出的可疑行为，并明确其行为原因。被检查人需提供详细明确的说明，充分解释其异常行为的合理性。
147,业务操作类,其他失范行为,违规外发涉敏信息邮件,,违规行为,较高/中/较低,个人异常行为事项报送及签署授权书,定期排查员工的邮件内容以及附件名称，重点关注是否涉及业务敏感信息。,与员工本人沟通，核实是否存在排查出的可疑行为，并明确其行为原因。被检查人需提供详细明确的说明，充分解释其异常行为的合理性。
148,业务操作类,其他失范行为,虚报/虚增业绩,,违规行为,中/较低/低,个人异常行为事项报送及签署授权书,结合业务部门反馈的相关数据，定期获取异常行为员工名单。,与员工本人沟通，核实是否存在排查出的可疑行为，并明确其行为原因。被检查人需提供详细明确的说明，充分解释其异常行为的合理性。
149,业务操作类,其他失范行为,外包人员私印名片,,违规行为,中/较低/低,个人异常行为事项报送及签署授权书,结合业务部门反馈的相关数据，定期获取异常行为员工名单。,与员工本人沟通，核实是否存在排查出的可疑行为，并明确其行为原因。被检查人需提供详细明确的说明，充分解释其异常行为的合理性。
150,业务操作类,其他失范行为,未经授权或批准，以本行名义在公共媒体上接受采访、发表意见、发布消息,,违规行为,中/较低/低,个人异常行为事项报送及签署授权书,订阅与本行业务相关的行业媒体、地方媒体等，定期查看这些媒体是否有关于本行的报道。,与本人沟通核实
151,业务操作类,其他失范行为,以本行名义对外考察、谈判、授课、演讲、提供证明或从事其他活动,,违规行为,中/较低/低,个人异常行为事项报送及签署授权书,通过查看员工的差旅申请和报销记录、与相关的行业协会联系等进行排查。,与本人沟通核实
152,业务操作类,其他失范行为,擅自接受媒体采访或通过自媒体对外发布或传播不实和不良信息和言论,,违规行为,中/较低/低,个人异常行为事项报送及签署授权书,订阅与本行业务相关的行业媒体、地方媒体等，定期查看这些媒体是否有关于本行的报道。,与本人沟通核实
153,业务操作类,其他失范行为,违规办理持有因私出国（境）证件或有效身份证件,,违规行为,中/较低/低,个人异常行为事项报送及签署授权书,定期进行出国（境）证件盘点,与本人沟通核实
154,业务操作类,其他失范行为,违规出境,,违规行为,中/较低/低,个人异常行为事项报送及签署授权书,定期进行出国（境）证件盘点,与本人沟通核实
155,业务操作类,其他失范行为,各类检查发现工作不认真，问题较多,,违规行为,中/较低/低,个人异常行为事项报送及签署授权书,结合业务部门反馈的相关数据，定期获取异常行为员工名单。,与员工本人沟通，核实是否存在排查出的可疑行为，并明确其行为原因。被检查人需提供详细明确的说明，充分解释其异常行为的合理性。
156,业务操作类,其他失范行为,反馈业务异常操作或差错较多，或产生业务纠纷的,,违规行为,中/较低/低,个人异常行为事项报送及签署授权书,定期收集员工涉及的业务交易记录，包括时间、金额、交易对象等详细信息，统计员工业务操作差错的频率、类型和分布情况。,与员工本人沟通，核实是否存在排查出的可疑行为，并明确其行为原因。被检查人需提供详细明确的说明，充分解释其异常行为的合理性。
157,业务操作类,其他失范行为,多次被投诉、举报，但问题暂未查实的,,违规行为/可疑/异常行为,中/较低/低,个人异常行为事项报送及签署授权书,将所有投诉举报内容按照业务类型、投诉性质（如服务质量、产品质量、违规操作等）进行分类，通过分类，找出投诉比较集中的领域和性质，重点排查同一员工集中被投诉的领域和投诉严重程度高的领域。,与员工本人沟通，核实是否存在排查出的可疑行为，并明确其行为原因。被检查人需提供详细明确的说明，充分解释其异常行为的合理性。
158,业务操作类,其他失范行为,不按正常渠道反映问题，煽动不满情绪或组织越级上访的,,违规行为,中/较低/低,个人异常行为事项报送及签署授权书,收集反馈、举报信息；对于公司内部的社交平台（如内部论坛、工作群等）进行监控。,与员工本人沟通，核实是否存在排查出的可疑行为，并明确其行为原因。被检查人需提供详细明确的说明，充分解释其异常行为的合理性。
159,业务操作类,其他失范行为,经常迟到、早退、旷工、请假,,违规行为,中/较低/低,个人异常行为事项报送及签署授权书,统计员工在一定时期（如一个月、一个季度）内的迟到、早退、旷工和请假次数，并与团队平均水平或公司规定的标准进行对比，重点排查无故迟到、早退、旷工、请假频繁的员工。,"对于迟到、早退、旷工的员工，与员工本人沟通，核实其未请假的原因及合理性。
对于频繁请假的员工，核实其请假事由的真实性，审查员工的请假手续是否符合公司规定的流程。"
160,业务操作类,其他失范行为,无正当理由长期休假（含病假），不在工作岗位,,违规行为,中/较低/低,个人异常行为事项报送及签署授权书,结合业务部门反馈的相关数据，定期获取异常行为员工名单。,与员工本人沟通，核实是否存在排查出的可疑行为，并明确其行为原因。被检查人需提供详细明确的说明，充分解释其异常行为的合理性。
161,业务操作类,其他失范行为,休假期间由他人代为申请延长假期且无法联系到本人的,,违规行为,中/较低/低,个人异常行为事项报送及签署授权书,结合业务部门反馈的相关数据，定期获取异常行为员工名单。,与员工本人沟通，核实是否存在排查出的可疑行为，并明确其行为原因。被检查人需提供详细明确的说明，充分解释其异常行为的合理性。
162,家庭情况类,家庭矛盾,有因家庭矛盾、变故造成行为异常的情况,,可疑/异常行为,较低/低,个人异常行为事项报送及签署授权书,定期整合员工档案信息，包括员工入职时填写的家庭背景、紧急联系人等信息，同时关注员工在后续工作过程中提交的如家庭变故（婚姻状况变化、亲属重大疾病等）相关的申请材料。,与员工本人沟通，核实是否存在排查出的可疑行为，并明确其行为原因。被检查人需提供详细明确的说明，充分解释其异常行为的合理性。
163,家庭情况类,家庭亲友风险,家庭成员或来往密切的亲友有信贷风险,例如：参与大额风险投资活动、贷款逾期等,可疑/异常行为,较低/低,个人异常行为事项报送及签署授权书,排查员工及其家庭成员、来往密切亲友之间是否存在关联账户，从征信机构获取员工家庭成员和来往密切亲友的更全面信用报告。,与员工本人沟通，核实是否参与该可疑行为或为亲友提供相关帮助。被检查人需提供详细明确的说明，充分解释其异常行为的合理性。
164,家庭情况类,家庭亲友风险,有家庭成员或来往密切的亲友从事传销、赌博、涉毒等活动,,可疑/异常行为,中/较低/低,个人异常行为事项报送及签署授权书,定期要求员工更新个人信息，关注员工亲属职业变更频繁、职业描述模糊或收入来源不明的情况；利用合法渠道查询公共信息，如法院裁判文书网、企业信用信息网等，查看员工家庭成员或亲友是否涉及传销、赌博、涉毒等相关案件或纠纷。,与员工本人沟通，核实是否参与该可疑行为或为亲友提供相关帮助。被检查人需提供详细明确的说明，充分解释其异常行为的合理性。
165,家庭情况类,家庭亲友风险,家庭成员涉案、刑拘或被司法部门控制的,,可疑/异常行为,中/较低/低,个人异常行为事项报送及签署授权书,定期要求员工更新个人信息，关注员工亲属职业变更频繁、职业描述模糊或收入来源不明的情况；利用合法渠道查询公共信息资源，如中国裁判文书网、全国法院被执行人信息查询平台、中国执行信息公开网等。定期通过员工提供的家庭成员姓名和身份信息进行搜索，查看是否有相关的判决书、执行信息或被列为失信被执行人的记录。,与员工本人沟通，核实是否参与该可疑行为或为亲友提供相关帮助。被检查人需提供详细明确的说明，充分解释其异常行为的合理性。
166,家庭情况类,其他家庭情况类,存在其他家庭情况类异常行为,,可疑/异常行为,较低/低,个人异常行为事项报送及签署授权书,定期整合员工档案信息，包括员工入职时填写的家庭背景、紧急联系人等信息，同时关注员工在后续工作过程中提交的如家庭变故（婚姻状况变化、亲属重大疾病等）相关的申请材料。,与员工本人沟通，核实是否存在排查出的可疑行为，并明确其行为原因。被检查人需提供详细明确的说明，充分解释其异常行为的合理性。
167,社会交往类,交往不当,结交民营、私营企业主，并与之关系密切,,可疑/异常行为,中/较低/低,个人异常行为事项报送及签署授权书,定期审查员工的个人财务状况，包括银行账户、资产申报情况等。查看是否存在与民营、私营企业主之间的异常经济往来，如频繁的资金转账、共同投资、借贷关系等。,与员工本人沟通，核实是否存在排查出的可疑行为，并明确其行为原因。被检查人需提供详细明确的说明，充分解释其异常行为的合理性。
168,社会交往类,交往不当,与民间借贷相关人员交往密切，或参与社会融资活动,与民间借贷相关人员交往密切，参与社会融资活动,可疑/异常行为,较高/中/较低,个人异常行为事项报送及签署授权书,"工资与支出监测：获取员工的银行账户流水，分析员工的工资收入和奖金等合法收入情况，对比其日常消费支出。排查员工是否有持续的大额支出。
业务操作行为监测：对于涉及资金划转等业务的员工，查看是否有可疑的资金操作行为，如将银行客户资金违规转移到与民间借贷相关的账户，或者协助民间借贷资金在银行系统内进行隐蔽流转。",与员工本人沟通，核实是否存在排查出的可疑行为，并明确其行为原因。被检查人需提供详细明确的说明，充分解释其异常行为的合理性。
169,社会交往类,交往不当,社会交往复杂，与社会上有不良嗜好或劣迹的人员交往甚密,,可疑/异常行为,较低/低,个人异常行为事项报送及签署授权书,定期进行员工背景复查，通过合法的渠道获取信息，如信用报告查询，查看员工是否与有不良信用记录的人有经济往来；也可以通过社交媒体监测工具，了解员工近期的社交动态。,与员工本人沟通，核实是否存在排查出的可疑行为，并明确其行为原因。被检查人需提供详细明确的说明，充分解释其异常行为的合理性。
170,社会交往类,交往不当,与业务往来或关联单位人员有不当交往密切,,可疑/异常行为,较低/低,个人异常行为事项报送及签署授权书,定期更新对业务往来和关联单位的背景调查；定期排查与业务往来单位之间的财务交易记录；在公司允许的合法范围内，对员工的工作邮箱和即时通讯工具（如企业微信、钉钉等）进行关键词搜索,与员工本人沟通，核实是否存在排查出的可疑行为，并明确其行为原因。被检查人需提供详细明确的说明，充分解释其异常行为的合理性。
171,社会交往类,其他社会交往类,存在其他社会交往等不良行为,,可疑/异常行为,较低/低,个人异常行为事项报送及签署授权书,定期排查员工是否涉及民事纠纷（如经济纠纷、侵权纠纷等）或刑事犯罪记录。,与本人沟通核实
172,社会交往类,其他社会交往类,在单位和社会上议论较多，情况复杂的,,可疑/异常行为,较低/低,个人异常行为事项报送及签署授权书,订阅与本行业务相关的行业媒体、地方媒体等，定期查看这些媒体是否有关于本行员工的报道；对于有内部通讯工具（如企业微信、钉钉等）的单位，在符合法律法规和公司隐私政策的前提下，分析员工之间的聊天记录。,与本人沟通核实
173,社会交往类,个人作风不当,他人反映不良行为、道德素质低下,,违规行为,中/较低/低,个人异常行为事项报送及签署授权书,"工资与支出监测：获取员工的银行账户流水，分析员工的工资收入和奖金等合法收入情况，对比其日常消费支出。排查员工是否有持续的大额支出。
业务操作行为监测：对于涉及资金划转等业务的员工，查看是否有可疑的资金操作行为，如将银行客户资金违规转移到与民间借贷相关的账户，或者协助民间借贷资金在银行系统内进行隐蔽流转。",与本人沟通核实
